{
  "cameraViews": [
    {
      "position": {
        "x": -0.36321018709338043,
        "y": 5.577466679099475,
        "z": 16.894573403024832,
        "isVector3": true
      },
      "target": {
        "x": 0,
        "y": 0,
        "z": 0,
        "isVector3": true
      },
      "quaternion": {
        "x": -0.15871631951126886,
        "y": -0.01061120449534164,
        "z": -0.0017058946456148508,
        "w": 0.9872657302790434,
        "isQuaternion": true
      },
      "up": {
        "x": 0.006736685292328223,
        "y": 0.9496124396885097,
        "z": -0.3133541629851254,
        "isVector3": true
      },
      "name": "Camera View1",
      "serializableClassId": "CameraView"
    },
    {
      "position": {
        "x": 0.051571944229222594,
        "y": 13.725847459690879,
        "z": 11.325419131958576,
        "isVector3": true
      },
      "target": {
        "x": 0,
        "y": 0,
        "z": 0,
        "isVector3": true
      },
      "quaternion": {
        "x": -0.4263348185573439,
        "y": 0.0020745588191630046,
        "z": 0.0009777728269304289,
        "w": 0.9045625255623192,
        "isQuaternion": true
      },
      "up": {
        "x": -0.003537826631017589,
        "y": 0.6364753328919512,
        "z": -0.7712889435242858,
        "isVector3": true
      },
      "name": "Camera View2",
      "serializableClassId": "CameraView"
    },
    {
      "position": {
        "x": -6.586172931982556,
        "y": -0.5020513241392044,
        "z": 10.08577634234986,
        "isVector3": true
      },
      "target": {
        "x": 0,
        "y": 0,
        "z": 0,
        "isVector3": true
      },
      "quaternion": {
        "x": 0.019960641850591786,
        "y": -0.2851679989843942,
        "z": 0.005940129131267263,
        "w": 0.9582512718478661,
        "isQuaternion": true
      },
      "up": {
        "x": -0.022768545179909658,
        "y": 0.9991325752856326,
        "z": 0.03486675140431386,
        "isVector3": true
      },
      "name": "Camera View3",
      "serializableClassId": "CameraView"
    },
    {
      "position": {
        "x": 8.658201270741245,
        "y": -0.2927203267179009,
        "z": 8.383308754628386,
        "isVector3": true
      },
      "target": {
        "x": 0,
        "y": 0,
        "z": 0,
        "isVector3": true
      },
      "quaternion": {
        "x": 0.011199126832440717,
        "y": 0.3900755490347656,
        "z": -0.0047447524540199385,
        "w": 0.9207025214082815,
        "isQuaternion": true
      },
      "up": {
        "x": 0.017474022191497154,
        "y": 0.9997041337646819,
        "z": 0.01692050478732686,
        "isVector3": true
      },
      "name": "Camera View4",
      "serializableClassId": "CameraView"
    }
  ],
  "viewLooping": false,
  "viewPauseTime": 200,
  "animEase": "easeInOutSine",
  "animDuration": 1000,
  "rotationOffset": 0.25,
  "interpolateMode": "spherical",
  "seekOnScroll": false,
  "type": "CameraViews",
  "resources": {
    "geometries": {},
    "materials": {},
    "textures": {},
    "images": {},
    "shapes": {},
    "skeletons": {},
    "animations": {}
  }
}